{
    "resourceType":"CapabilityStatement",
    "id":"content",
    "url":"http://sap.com/health/fhir/content/CapabilityStatement/content",
    "version":"1.0",
    "name":"mimic",
    "status":"active",
    "date":"2018-06-30",
    "publisher":"SAP SE",
    "contact": [
    ],
    "description":"This CapabilityStatement defines an Endpoint for handling of MIMIC Data.",
    "copyright":"CC0",
    "kind":"requirements",
    "fhirVersion":"3.0.1",
    "acceptUnknown":"both",
    "format": [
        "xml",
        "json"
    ],
    "extension": [
    ],
    "profile": [
        
    ],
    "rest": [
        {
            "mode":"server",
            "resource": [
                {
                    "type":"CapabilityStatement",
                    "interaction": [
                        {
                            "code":"search-type"
                        }
                    ],
                    "searchParam": [
                        {
                            "name":"identifier",
                            "type":"token"
                        }
                    ]
                },
                {
                    "type":"ValueSet",
                    "interaction": [
                        {
                            "code":"search-type"
                        }
                    ],
                    "searchParam": [
                        {
                            "name":"identifier",
                            "type":"token"
                        }
                    ]
                },
                {
                    "type":"StructureDefinition",
                    "interaction": [
                        {
                            "code":"search-type"
                        }
                    ],
                    "searchParam": [
                        {
                            "name":"identifier",
                            "type":"token"
                        }
                    ]
                }, 
                {
                    "type":"ConceptMap",
                    "interaction": [
                        {
                            "code":"search-type"
                        }
                    ],
                    "searchParam": [
                        {
                            "name":"identifier",
                            "type":"token"
                        }
                    ]
                },
                {
                    "type":"SAPScenarioDefinition",
                    "interaction": [
                        
                    ],
                    "searchInclude": [
                        
                    ],
                    "searchParam": [
                        
                    ]
                },
                {
                    "type":"SAPPermission",
                    "interaction": [
                        
                    ],
                    "searchInclude": [
                        
                    ],
                    "searchParam": [
                        
                    ]
                },
                {
                    "type":"SAPScenario",
                    "interaction": [
                        
                    ],
                    "searchInclude": [
                        
                    ],
                    "searchParam": [
                        
                    ]
                },
                {
                    "type":"SAPTableContent",
                    "interaction": [
                        
                    ],
                    "searchInclude": [
                        
                    ],
                    "searchParam": [
                        
                    ]
                },
                {
                    "type":"SAPCatalogDefinition",
                    "interaction": [
                        
                    ],
                    "searchInclude": [
                        
                    ],
                    "searchParam": [
                        
                    ]
                }
            ],
            "interaction": [
                {
                    "code":"batch"
                }
            ],
            "operation": [
              
            ]
        }
    ]
}