{
	"resourceType": "StructureDefinition",
	"id": "SAPCatalogDefinition",
	"url": "http://sap.com/health/sapfhir/StructureDefinition/SAPCatalogDefinition",
	"kind": "resource",
	"name": "SAPCatalogDefinition",
	"test":{
		"div":"<div>Defines a Catalog which maps between a Tables and a FHIR Resource Type</div>"
		},
	"type": "SAPCatalogDefinition",
	"meta": {
		"profile": [
			"http://sap.com/health/sapfhir/profile/SAPStructureDefinition"
		]
	},
	"extension": [
		{
			"uri": "http://sap.com/health/sapfhir/extension/shortname",
			"valueString": "CatalogDefinition"
		}
	],
	"snapshot": {
		"element": [
			{
		 		"id": "SAPCatalogDefinition",
				"path": "SAPCatalogDefinition",
				"min": 0,
				"max": "*"
			},
			{
				"id": "SAPCatalogDefinition.id",
				"short": "Logical id of this artifact",
        		"definition": "The logical id of the resource, as used in the URL for the resource. Once assigned, this value never changes.",
        		"comment": "The only time that a resource does not have an id is when it is being submitted to the server using a create operation.",
        		"min": 0,
        		"max": "1",
        		"base": {
          			"path": "Resource.id",
          			"min": 0,
          			"max": "1"
        		},
        		"type": [
          			{
            			"code": "id"
          			}
       			 ],
        		"isSummary": true
			},
			{
				"id": "SAPCatalogDefinition.url",
				"short": "Canonical URL of this table content",
				"definition": "The logical id of the resource, as used in the URL for the resource. Once assigned, this value never changes.",
				"min": 0,
				"max": "1",
				"type": [
					{
						"code": "uri"
					}
				],
				"isSummary": true
			},
			{
				"id": "SAPCatalogDefinition.version",
				"short": "Canonical Version of this Table Content",
				"definition": "The logical id of the resource, as used in the URL for the resource. Once assigned, this value never changes.",
				"min": 0,
				"max": "1",
				"type": [
					{
						"code": "string"
					}
				],
				"isSummary": true
			},
      		{
        		"id": "SAPCatalogDefinition.target",
        		"path": "SAPCatalogDefinition.target",
        		"short": "The Target FHIR Structure Definition",
        		"min": "1",
        		"max": "1",
        		"type": [
          			{
            			"code": "Reference",
            			"targetProfile": "http://hl7.org/fhir/StructureDefinition/StructureDefinition"
          			}
        		]
      		},
      		{
        		"id": "SAPCatalogDefinition.table",
        		"path": "SAPCatalogDefinition.table",
        		"short": "List of Tables for mapping",
        		"definition": "List the tables/views which are needed for this catalog",
        		"min": 0,
        		"max": "*",
        		"type": [
          			{
            			"code": "BackboneElement"
          			}
        		]
      		},
      		{
				"id": "SAPCatalogDefinition.table.id",
				"short": "Logical id for this table in later references",
        		"definition": "The logical id of the resource, as used in the URL for the resource. Once assigned, this value never changes.",
        		"min": 0,
        		"max": "1",
        		"type": [
          			{
            			"code": "id"
          			}
       			 ]
			},
			{
				"id": "SAPCatalogDefinition.table.cardinality",
				"short": "1|*",
        		"definition": "Defines the cardinality between a resource entry and this table",
        		"min": 0,
        		"max": "1",
        		"type": [
          			{
            			"code": "code"
          			}
       			 ]
			},
      		{
        		"id": "SAPCatalogDefinition.table.definition",
        		"path": "SAPCatalogDefinition.table",
        		"short": "Definitions for the tables/views which are needed for this catalog",
        		"min": "1",
        		"max": "1",
        		"type": [
          			{
            			"code": "Reference",
            			"targetProfile": "http://sap.com/health/sapfhir/profile/SAPTabledefinition"
          			}
        		]
      		},
      		{
				"id": "SAPCatalogDefinition.table.referenceColumn",
				"short": "Column in the table used for identifying the resource",
        		"definition": "Column in the table used for identifying the resource",
        		"min": 0,
        		"max": "1",
        		"type": [
          			{
            			"code": "BackboneElement"
          			}
       			 ]
			},
      		{
				"id": "SAPCatalogDefinition.table.referenceColumn.type",
				"short": "column",
        		"definition": "Defines the criteria how this table rows are assigned to a resource",
        		"min": 0,
        		"max": "1",
        		"type": [
          			{
            			"code": "code"
          			}
       			 ]
			},
      		{
				"id": "SAPCatalogDefinition.table.referenceColumn.name",
				"short": "Name of the identifying column",
        		"definition": "Name of the identifying column",
        		"min": 0,
        		"max": "1",
        		"type": [
          			{
            			"code": "string"
          			}
       			 ]
			},
			{
				"id": "SAPCatalogDefinition.templatepath",
				"short": "Link to a Velocity Template (not fully implemented)",
        		"definition": "link to a Velocity Template",
        		"min": 0,
        		"max": "1",
        		"type": [
          			{
            			"code": "string"
          			}
       			 ]
			
			},
      		{
        		"id": "SAPCatalogDefinition.mapping",
        		"path": "SAPCatalogDefinition.mapping",
        		"short": "List of mappings of table columns to FHIR DataElements",
        		"definition": "List of mappings of table columns to FHIR DataElements",
        		"min": 0,
        		"max": "*",
        		"type": [
          			{
            			"code": "BackboneElement"
          			}
        		]
      		},
      		{
				"id": "SAPCatalogDefinition.mapping.dataelement",
				"path": "SAPCatalogDefinition.mapping.dataelement",
				"short": "Identification Path of the targeted FHIR data element",
        		"definition": "Identification Path of the targeted FHIR data element",
        		"min": 0,
        		"max": "1",
        		"type": [
          			{
            			"code": "string"
          			}
       			 ]
			},
      		{
				"id": "SAPCatalogDefinition.mapping.tableid",
				"path": "SAPCatalogDefinition.mapping.tableid",
				"short": "Links to the table definitnion used in this mapping",
        		"definition": "Links to the table definitnion used in this mapping",
        		"min": 0,
        		"max": "1",
        		"type": [
          			{
            			"code": "string"
          			}
       			 ]
			},
      		{
				"id": "SAPCatalogDefinition.mapping.searchable",
				"path": "SAPCatalogDefinition.mapping.searchable",
				"short": "Whether this mapping can be used for queries",
        		"definition": "Whether this mapping can be used for queries",
        		"min": 0,
        		"max": "1",
        		"type": [
          			{
            			"code": "boolean"
          			}
       			 ]
			},
      		{
				"id": "SAPCatalogDefinition.mapping.type",
				"path": "SAPCatalogDefinition.mapping.type",
				"short": "column|value|complex",
        		"definition": "Type of Mapping",
        		"min": 0,
        		"max": "1",
        		"type": [
          			{
            			"code": "code"
          			}
       			 ]
			},
      		{
				"id": "SAPCatalogDefinition.mapping.column",
				"path": "SAPCatalogDefinition.mapping.column",
				"short": "Column Name in the table to be mapped",
        		"definition": "Column Name in the table to be mapped",
        		"min": 0,
        		"max": "1",
        		"type": [
          			{
            			"code": "string"
          			}
       			 ]
			},
      		{
				"id": "SAPCatalogDefinition.mapping.value",
				"path": "SAPCatalogDefinition.mapping.value",
				"short": "Column Name in the table to be mapped",
        		"definition": "Column Name in the table to be mapped",
        		"min": 0,
        		"max": "1",
        		"type": [
          			{
            			"code": "string"
          			}
       			 ]
			},
			{
				"id": "SAPCatalogDefinition.mapping.targetReference",
				"path": "SAPCatalogDefinition.mapping.targetReference",
				"short": "Column Name in the table to be mapped",
        		"definition": "Column Name in the table to be mapped",
        		"min": 0,
        		"max": "1",
        		"type": [
          			{
            			"code": "string"
          			}
       			 ]
			},
      		{
				"id": "SAPCatalogDefinition.mapping.expression",
				"path": "SAPCatalogDefinition.mapping.expression",
				"short": "A FHIR Path Expression which is used to calculate the mapping result",
        		"definition": "A FHIR Path Expression which is used to calculate the mapping result",
        		"min": 0,
        		"max": "1",
        		"type": [
          			{
            			"code": "string"
          			}
       			 ]
			},
      		{
				"id": "SAPCatalogDefinition.mapping.condition",
				"path": "SAPCatalogDefinition.mapping.condition",
				"short": "A Boolean FHIR Path Expression when resulting to 'true' this mapping is performed",
        		"definition": "A Boolean FHIR Path Expression when resulting to 'true' this mapping is performed",
        		"min": 0,
        		"max": "1",
        		"type": [
          			{
            			"code": "string"
          			}
       			 ]
			},
			{
				"id": "SAPCatalogDefinition.mapping.conceptmap",
				"path": "SAPCatalogDefinition.mapping.conceptmap",
				"short": "Reference to a concept map which is used to map the values",
        		"definition": "Reference to a concept map which is used to map the values",
        		"min": 0,
        		"max": "1",
        		"type": [
          			{
            			"code": "Reference",
            			"targetProfile": "http://hl7.org/fhir/StructureDefinition/ConceptMap"
          			}
       			 ]
			},
			{
        		"id": "SAPCatalogDefinition.mapping.children",
        		"path": "SAPCatalogDefinition.mapping.children",
        		"short": "Detail mapping information for complex mappings",
        		"definition": "Detail mapping information for complex mappings",
        		"min": 0,
        		"max": "*",
        		"contentReference": "#SAPCatalogDefinition.mapping"
      		}
					
      	]
	}
}