    {
	"resourceType": "StructureDefinition",
	"id": "SAPPermission",
	"url": "http://sap.com/health/sapfhir/StructureDefinition/SAPPermission",
	"kind": "resource",
	"name": "SAPPermission",
	"test": {
		"div": "<div>Defines the permissions for a group</div>"
	},
	"type": "SAPPermission",
	"meta": {
		"profile": [
			"http://sap.com/health/sapfhir/profile/SAPStructureDefinition"
		]
	},
	"snapshot": {
		"element": [
			{
				"id": "SAPPermission",
				"path": "SAPPermission",
				"min": 0,
				"max": "*"
			},
			{
				"id": "SAPPermission.id",
				"short": "Logical id of this artifact",
				"definition": "The logical id of the resource, as used in the URL for the resource. Once assigned, this value never changes.",
				"comment": "The only time that a resource does not have an id is when it is being submitted to the server using a create operation.",
				"min": 0,
				"max": "1",
				"base": {
					"path": "Resource.id",
					"min": 0,
					"max": "1"
				},
				"type": [
					{
						"code": "id"
					}
				],
				"isSummary": true
			},
			{
				"id": "SAPPermission.url",
				"short": "Canonical URL of this permission",
				"definition": "The logical id of the resource, as used in the URL for the resource. Once assigned, this value never changes.",
				"min": 0,
				"max": "1",
				"type": [
					{
						"code": "uri"
					}
				],
				"isSummary": true
			},
			{
				"id": "SAPTableContent.version",
				"short": "Canonical Version of this permission",
				"definition": "The logical id of the resource, as used in the URL for the resource. Once assigned, this value never changes.",
				"min": 0,
				"max": "1",
				"type": [
					{
						"code": "string"
					}
				],
				"isSummary": true
			},
			{
				"id": "SAPPermission.group",
				"path": "SAPScenarioDefinition.group",
				"short": "The permissions are defined for this group",
				"definition": "The permissions are defined for this group",
				"min": 1,
				"max": "1",
				"type": [
					{
						"code": "id"
					}
				]
			},
			{
				"id": "SAPPermission.restPermission",
				"path": "SAPPermission.restPermission",
				"short": "Describe the rest permissions for this group",
				"description": "Describe the rest permissions for this group",
				"min": 1,
				"max": "*",
				"type": [
					{
						"code": "BackboneElement"
					}
				]
			},
			{
				"id": "SAPPermission.restPermission.type",
				"path": "SAPPermission.restPermission.type",
				"short": "resource | compartement",
				"description": "Describes the scope of this permission",
				"min": 1,
				"max": "1",
				"type": [
					{
						"code": "code"
					}
				]
			},
			{
				"id": "SAPPermission.restPermission.definition",
				"path": "SAPPermission.restPermission.definition",
				"short": "FHIR Resource Type which for which permissions are set",
				"description": "FHIRResourceTypewhichforwhichpermissionsareset",
				"min": 1,
				"max": "1",
				"type": [
					{
						"code": "Reference",
						"targetProfile": "http://hl7.org/fhir/StructureDefinition/StructureDefinition"
					}
				]
			},
			{
				"id": "SAPPermission.restPermission.grant",
				"path": "SAPPermission.restPermission.grant",
				"short": "read | create | update | delete",
				"description": "Describes the scope of this permission",
				"min": 1,
				"max": "*",
				"type": [
					{
						"code": "code"
					}
				]
			},
			{
				"id": "SAPPermission.instancePermission",
				"path": "SAPPermission.instancePermission",
				"short": "Describe the instance permissions for this group",
				"description": "Describe the instance permissions for this group",
				"min": 1,
				"max": "*",
				"type": [
					{
						"code": "BackboneElement"
					}
				]
			},
			{
				"id": "SAPPermission.instancePermission.type",
				"path": "SAPPermission.restPermission.type",
				"short": "resource | compartement",
				"description": "Describes the scope of this permission",
				"min": 1,
				"max": "1",
				"type": [
					{
						"code": "code"
					}
				]
			},
			{
				"id": "SAPPermission.instancePermission.definition",
				"path": "SAPPermission.instancePermission.definition",
				"short": "FHIR Resource Type which for which permissions are set",
				"description": "FHIRResourceTypewhichforwhichpermissionsareset",
				"min": 1,
				"max": "1",
				"type": [
					{
						"code": "Reference",
						"targetProfile": "http://hl7.org/fhir/StructureDefinition/StructureDefinition"
					}
				]
			},
			{
				"id": "SAPPermission.instancePermission.grant",
				"path": "SAPPermission.instancePermission.grant",
				"short": "read | create | update | delete",
				"description": "Describes the scope of this permission",
				"min": 1,
				"max": "*",
				"type": [
					{
						"code": "code"
					}
				]
			},
			{
				"id": "SAPPermission.instancePermission.constraintType",
				"path": "SAPPermission.instancetPermission.constraintType",
				"short": "elementMap | fhirpath",
				"description": "Describes how the permission shall be evaluated",
				"min": 1,
				"max": "1",
				"type": [
					{
						"code": "code"
					}
				]
			},
			{
				"id": "SAPPermission.instancePermission.element",
				"path": "SAPPermission.instancePermission.element",
				"short": "Defines the element within the resource which has to be equal the value",
				"description": "Defines the element within the resource which has to be equal the value",
				"min": 1,
				"max": "1",
				"type": [
					{
						"code": "string"
					}
				]
			},
			{
				"id": "SAPPermission.instancePermission.value",
				"path": "SAPPermission.instancePermission.value",
				"short": "Defines the value within the resource which has to be equal the element",
				"description": "Defines the value within the resource which has to be equal the element",
				"min": 1,
				"max": "1",
				"type": [
					{
						"code": "string"
					}
				]
			},
			{
				"id": "SAPPermission.instancePermission.expression",
				"path": "SAPPermission.instancePermission.expression",
				"short": "Boolean FHIRPath Expression which determines granting access",
				"description": "Boolean FHIRPath Expression which determines granting access",
				"min": 1,
				"max": "1",
				"type": [
					{
						"code": "string"
					}
				]
			}
		]
	}
}