    {
	"resourceType": "StructureDefinition",
	"id": "SAPRole",
	"url": "http://sap.com/health/sapfhir/StructureDefinition/SAPRole",
	"kind": "resource",
	"name": "SAPRole",
	"test": {
		"div": "<div>Defines the permissions for a group</div>"
	},
	"type": "SAPRole",
	"meta": {
		"profile": [
			"http://sap.com/health/sapfhir/profile/SAPStructureDefinition"
		]
	},
	"snapshot": {
		"element": [
			{
				"id": "SAPRole",
				"path": "SAPRole",
				"min": 0,
				"max": "*"
			},
			{
				"id": "SAPRole.id",
				"short": "Logical id of this artifact",
				"definition": "The logical id of the resource, as used in the URL for the resource. Once assigned, this value never changes. It will be used to construct the final role name",
				"comment": "The only time that a resource does not have an id is when it is being submitted to the server using a create operation.",
				"min": 0,
				"max": "1",
				"base": {
					"path": "Resource.id",
					"min": 0,
					"max": "1"
				},
				"type": [
					{
						"code": "id"
					}
				],
				"isSummary": true
			},
			{
				"id": "SAPRole.url",
				"short": "Canonical URL of this permission",
				"definition": "The logical id of the resource, as used in the URL for the resource. Once assigned, this value never changes.",
				"min": 0,
				"max": "1",
				"type": [
					{
						"code": "uri"
					}
				],
				"isSummary": true
			},
			{
				"id": "SAPRole.version",
				"short": "Canonical Version of this permission",
				"definition": "The logical id of the resource, as used in the URL for the resource. Once assigned, this value never changes.",
				"min": 0,
				"max": "1",
				"type": [
					{
						"code": "string"
					}
				],
				"isSummary": true
			},
			{
				"id": "SAPRole.objectPrivileges",
				"path": "SAPRole.objectPrivileges",
				"short": "All object privileges which should be assigned to the created role",
				"definition": "All object privileges which should be assigned to the created role",
				"min": 0,
				"max": "*",
				"type": [
					{
						"code": "BackboneElement"
					}
				]
			},
			{
				"id": "SAPRole.objectPrivileges.type",
				"path": "SAPRole.objectPrivileges.type",
				"short": "Type of the object to be granted",
				"definition": "Type of the object to be granted",
				"min": 1,
				"max": "1",
				"type": [
					{
						"code": "string"
					}
				]
			},
			{
				"id": "SAPRole.objectPrivileges.objectName",
				"path": "SAPRole.objectPrivileges.objectName",
				"short": "Name of the object to be granted",
				"definition": "Name of the object to be granted",
				"min": 1,
				"max": "1",
				"type": [
					{
						"code": "string"
					}
				]
			},{
				"id": "SAPRole.objectPrivileges.grants",
				"path": "SAPRole.objectPrivileges.grants",
				"short": "Grant type of the object to be granted",
				"definition": "Grant ype of the object to be granted",
				"min": 1,
				"max": "*",
				"type": [
					{
						"code": "BackboneElement"
					}
				]
			},{
				"id": "SAPRole.objectPrivileges.grants.type",
				"path": "SAPRole.objectPrivileges.grants.type",
				"short": "Privilege to be granted on the object",
				"definition": "Privilege to be granted on the object",
				"min": 1,
				"max": "1",
				"type": [
					{
						"code": "string"
					}
				]
			},{
				"id": "SAPRole.objectPrivileges.grants.grant",
				"path": "SAPRole.objectPrivileges.grants.grant",
				"short": "With Grant Option",
				"definition": "With Grant Option",
				"min": 1,
				"max": "1",
				"type": [
					{
						"code": "boolean"
					}
				]
			},
			{
				"id": "SAPRole.schemaPrivileges",
				"path": "SAPRole.schemaPrivileges",
				"short": "All schema privileges which should be assigned to the created role",
				"definition": "All schema privileges which should be assigned to the created role",
				"min": 0,
				"max": "*",
				"type": [
					{
						"code": "string"
					}
				]
			}
		]
	}
}