{
	"resourceType": "StructureDefinition",
	"id": "SAPScenarioDefinition",
	"url": "http://sap.com/health/sapfhir/StructureDefinition/SAPScenarioDefinition",
	"kind": "resource",
	"name": "SAPScenarioDefinition",
	"test": {
		"div": "<div>Defines a Scenario which can be deployed on the Connected Health Platform</div>"
	},
	"type": "SAPScenarioDefinition",
	"meta": {
		"profile": [
			"http://sap.com/health/sapfhir/profile/SAPStructureDefinition"
		]
	},
	"extension": [
		{
			"uri": "http://sap.com/health/sapfhir/extension/shortname",
			"valueString": "ScenarioDefinition"
		}
	],
	"snapshot": {
		"element": [
			{
				"id": "SAPScenarioDefinition",
				"path": "SAPScenarioDefinition",
				"min": 0,
				"max": "*"
			},
			{
				"id": "SAPScenarioDefinition.id",
				"short": "Logical id of this artifact",
				"definition": "The logical id of the resource, as used in the URL for the resource. Once assigned, this value never changes.",
				"comment": "The only time that a resource does not have an id is when it is being submitted to the server using a create operation.",
				"min": 0,
				"max": "1",
				"base": {
					"path": "Resource.id",
					"min": 0,
					"max": "1"
				},
				"type": [
					{
						"code": "id"
					}
				],
				"isSummary": true
			},
			{
				"id": "SAPScenarioDefinition.url",
				"short": "Canonical URL of this scenario definition",
				"definition": "The logical id of the resource, as used in the URL for the resource. Once assigned, this value never changes.",
				"comment": "The only time that a resource does not have an id is when it is being submitted to the server using a create operation.",
				"min": 0,
				"max": "1",
				"type": [
					{
						"code": "uri"
					}
				],
				"isSummary": true
			},
			{
				"id": "SAPScenarioDefinition.version",
				"short": "Canonical Version of this scenario definition",
				"definition": "The logical id of the resource, as used in the URL for the resource. Once assigned, this value never changes.",
				"comment": "The only time that a resource does not have an id is when it is being submitted to the server using a create operation.",
				"min": 0,
				"max": "1",
				"type": [
					{
						"code": "string"
					}
				],
				"isSummary": true
			},
			{
				"id": "SAPScenarioDefinition.category",
				"path": "SAPScenarioDefinition.category",
				"short": "catalog | generic",
				"definition": "The category of a definition determines the persistence mechanism",
				"min": 0,
				"max": "1",
				"type": [
					{
						"code": "code"
					}
				],
				"isSummary": true,
				"binding": {
					"strength": "required",
					"description": "The persistence category of this Scenario Definition.",
					"valueSetReference": {
						"reference": "http://sap.com/health/sapfhir/ValueSet/ScenarioCategory"
					}
				}
			},
			{
				"id": "SAPScenarioDefinition.capabilities",
				"path": "SAPScenarioDefinition.capabilities",
				"short": "Capability Statement for this scenario",
				"min": "1",
				"max": "1",
				"type": [
					{
						"code": "Reference",
						"targetProfile": "http://hl7.org/fhir/StructureDefinition/CapabilityStatement"
					}
				]
			},
			{
				"id": "SAPScenarioDefinition.deployment",
				"path": "SAPScenarioDefinition.deployment",
				"short": "Deployment Descriptions",
				"definition": "The deployment describes the resources to be deployed and actions to be performed",
				"min": 0,
				"max": "*",
				"type": [
					{
						"code": "BackboneElement"
					}
				]
			},
			{
				"id": "SAPScenarioDefinition.deployment.scope",
				"path": "SAPScenarioDefinition.deployment.scope",
				"short": "Scope of this deployment scenario",
				"definition": "Enables to apply filter for certain scope e.g. to deploy an endpoint including test artifacts",
				"min": 0,
				"max": "1",
				"type": [
					{
						"code": "string"
					}
				]
			},
			{
				"id": "SAPScenarioDefinition.deployment.permission",
				"path": "SAPScenarioDefinition.deployment.permission",
				"short": "Permissions and Group mappings for this deployment",
				"min": "1",
				"max": "*",
				"type": [
					{
						"code": "Reference",
						"targetProfile": "http://sap.com/health/sapfhir/StructureDefinition/SAPPermission"
					}
				]
			},
			{
				"id": "SAPScenarioDefinition.deployment.data",
				"path": "SAPScenarioDefinition.deployment.data",
				"short": "Data to be inserted",
				"min": "1",
				"max": "*",
				"type": [
					{
						"code": "Reference",
						"targetProfile": "http://sap.com/health/sapfhir/StructureDefinition/SAPTableContent"
					}
				]
			},
			{
				"id": "SAPScenarioDefinition.deployment.persistency",
				"path": "SAPScenarioDefinition.deployment.persistency",
				"short": "Definitions for the persistence artifacts which are neededd for this scenario",
				"min": "1",
				"max": "*",
				"type": [
					{
						"code": "BackboneElement"
					}
				]
			},
			{
				"id": "SAPScenarioDefinition.deployment.persistency.definition",
				"path": "SAPScenarioDefinition.deployment.persistency.definition",
				"short": "Definitions for the persistence artifacts which are neededd for this scenario",
				"min": "1",
				"max": "1",
				"type": [
					{
						"code": "Reference",
						"targetProfile": "http://sap.com/health/sapfhir/profile/SAPTabledefinition"
					}
				]
			},
			{
				"id": "SAPScenarioDefinition.deployment.persistency.configuration",
				"path": "SAPScenarioDefinition.deployment.persistency.configuration",
				"short": "staging|permanent|history",
				"min": "1",
				"max": "*",
				"type": [
					{
						"code": "code"
					}
				]
			},
			{
				"id": "SAPScenarioDefinition.deployment.catalog",
				"path": "SAPScenarioDefinition.deployment.catalog",
				"short": "Links the Catalog definitions of this scenario",
				"min": "1",
				"max": "*",
				"type": [
					{
						"code": "Reference",
						"targetProfile": "http://sap.com/health/sapfhir/StructureDefinition/SAPCatalogDefinition"
					}
				]
			},
			{
				"id": "SAPScenarioDefinition.parameter",
				"path": "SAPScenarioDefinition.parameter",
				"short": "Parameters which have to be bound when creating a SAPScenarioImplementationRequest",
				"definition": "Parameters which have to be bound when creating a SAPScenarioImplementationRequest",
				"min": 0,
				"max": "*",
				"type": [
					{
						"code": "BackboneElement"
					}
				]
			},
			{
				"id": "SAPScenarioDefinition.parameter.name",
				"path": "SAPScenarioDefinition.parameter.name",
				"short": "Name of the Parameter to be bound",
				"min": "1",
				"max": "1",
				"type": [
					{
						"code": "string"
					}
				]
			},
			{
				"id": "SAPScenarioDefinition.parameter.type",
				"path": "SAPScenarioDefinition.parameter.type",
				"short": "Type of the parameter (currently only string)",
				"min": "1",
				"max": "1",
				"type": [
					{
						"code": "string"
					}
				]
			},
			{
				"id": "SAPScenarioDefinition.parameter.optional",
				"path": "SAPScenarioDefinition.parameter.optional",
				"short": "Whether this parameter is optional",
				"min": "1",
				"max": "1",
				"type": [
					{
						"code": "boolean"
					}
				]
			},
			{
				"id": "SAPScenarioDefinition.parameter.defValueString",
				"path": "SAPScenarioDefinition.parameter.defValueString",
				"short": "Default Value of the parameter (currently only string)",
				"min": "1",
				"max": "1",
				"type": [
					{
						"code": "string"
					}
				]
			}
		]
	}
}
