{
	"resourceType": "StructureDefinition",
	"id": "SAPScenario",
	"url": "http://sap.com/health/sapfhir/StructureDefinition/SAPScenario",
	"kind": "resource",
	"name": "SAPScenario",
	"test":{
		"div":"<div>Defines a Scenario which can be deployed on the Connected Health Platform</div>"
		},
	"type": "SAPScenario",
	"meta": {
		"profile": [
			"http://sap.com/health/sapfhir/profile/SAPStructureDefinition"
		]		
	},
	"extension": [
		{
			"uri": "http://sap.com/health/sapfhir/extension/shortname",
			"valueString": "ScenarioImplementationRequest"
		}
	],
	"snapshot": {
		"element": [
			{
		 		"id": "SAPScenario",
				"path": "SAPScenario",
				"min": 0,
				"max": "*"
			},
			{
				"id": "SAPScenario.id",
				"short": "Logical id of this artifact",
        		"definition": "The logical id of the resource, as used in the URL for the resource. Once assigned, this value never changes.",
        		"comment": "The only time that a resource does not have an id is when it is being submitted to the server using a create operation.",
        		"min": 0,
        		"max": "1",
        		"base": {
          			"path": "Resource.id",
          			"min": 0,
          			"max": "1"
        		},
        		"type": [
          			{
            			"code": "id"
          			}
       			 ],
        		"isSummary": true
			},
			{
        		"id": "SAPScenario.scope",
        		"path": "SAPScenario.scope",
        		"short": "The scopes of the definition to be implemented",
        		"definition": "The scopes of the definition to be implemented",
        		"min": 0,
        		"max": "*",
        		"type": [
          			{
            			"code": "string"
          			}
        		]
      		},
			{
        		"id": "SAPScenario.permission",
        		"path": "SAPScenario.permission",
        		"short": "The permissions of this scenario",
        		"definition": "The permissions of this scenario, in addition to the one provides through the Scenario Definition",
        		"min": 0,
        		"max": "*",
        		"type": [
          			{
            			"code": "Reference",
            			"targetProfile": "http://sap.com/health/sapfhir/StructureDefinition/SAPPermission"
          			}
        		]
      		},
      		{
        		"id": "SAPScenario.definition",
        		"path": "SAPScenario.definition",
        		"short": "The ScenarioDefinition this request implements",
        		"min": "1",
        		"max": "1",
        		"type": [
          			{
            			"code": "Reference",
            			"targetProfile": "http://sap.com/health/sapfhir/StructureDefinition/SAPScenarioDefinition"
          			}
        		]
      		},
      		{
        		"id": "SAPScenario.parameter",
        		"path": "SAPScenarioDefinition.parameter",
        		"short": "Parameters used to bind the scenario",
        		"definition": "Parameters used to bind the scenario",
        		"min": 0,
        		"max": "*",
        		"type": [
          			{
            			"code": "BackboneElement"
          			}
        		]
      		},
      		{
        		"id": "SAPScenario.parameter.name",
        		"path": "SAPScenario.parameter.name",
        		"short": "Name of the parameter",
        		"definition": "Name of the parameter",
        		"min": 0,
        		"max": "1",
        		"type": [
          			{
            			"code": "string"
          			}
        		]
      		},
      		{
        		"id": "SAPScenario.parameter.valueString",
        		"path": "SAPScenario.parameter.valueString",
        		"short": "String value of the Parameter",
        		"definition": "String value of the Parameter",
        		"min": 0,
        		"max": "1",
        		"type": [
          			{
            			"code": "string"
          			}
        		]
      		}
		]
	}
}
