{
	"resourceType": "StructureDefinition",
	"id": "SAPTableContent",
	"url": "http://sap.com/health/sapfhir/StructureDefinition/SAPTableContent",
	"kind": "resource",
	"name": "SAPTableContent",
	"test":{
		"div":"<div>Allows to deliver data for scenarios</div>"
		},
	"type": "SAPTableContent",
	"meta": {
		"profile": [
			"http://sap.com/health/sapfhir/profile/SAPStructureDefinition"
		]		
	},
	"extension": [
		{
			"uri": "http://sap.com/health/sapfhir/extension/shortname",
			"valueString": "SAPTableContent"
		}
	],
	"snapshot": {
		"element": [
			{
		 		"id": "SAPTableContent",
				"path": "SAPTableContent",
				"min": 0,
				"max": "*"
			},
			{
				"id": "SAPTableContent.id",
				"short": "Logical id of this artifact",
        		"definition": "The logical id of the resource, as used in the URL for the resource. Once assigned, this value never changes.",
        		"comment": "The only time that a resource does not have an id is when it is being submitted to the server using a create operation.",
        		"min": 0,
        		"max": "1",
        		"base": {
          			"path": "Resource.id",
          			"min": 0,
          			"max": "1"
        		},
        		"type": [
          			{
            			"code": "id"
          			}
       			 ],
        		"isSummary": true
			},
			{
				"id": "SAPTableContent.url",
				"short": "Canonical URL of this table content",
				"definition": "The logical id of the resource, as used in the URL for the resource. Once assigned, this value never changes.",
				"min": 0,
				"max": "1",
				"type": [
					{
						"code": "uri"
					}
				],
				"isSummary": true
			},
			{
				"id": "SAPTableContent.version",
				"short": "Canonical Version of this Table Content",
				"definition": "The logical id of the resource, as used in the URL for the resource. Once assigned, this value never changes.",
				"min": 0,
				"max": "1",
				"type": [
					{
						"code": "string"
					}
				],
				"isSummary": true
			},
      		{
        		"id": "SAPTableContent.definition",
        		"path": "SAPTableContent.definition",
        		"short": "The TableDefinition this content will be stored",
        		"min": "1",
        		"max": "1",
        		"type": [
          			{
            			"code": "Reference",
            			"targetProfile": "http://sap.com/health/sapfhir/profile/SAPTabledefinition"
          			}
        		]
      		},
      		{
        		"id": "SAPTableContent.row",
        		"path": "SAPTableContent.row",
        		"short": "Parameters used to bind the scenario",
        		"definition": "Parameters used to bind the scenario",
        		"min": 0,
        		"max": "*",
        		"type": [
          			{
            			"code": "BackboneElement"
          			}
        		]
      		},
      		{
        		"id": "SAPTableContent.row.column",
        		"path": "SAPTableContent.row.column",
        		"short": "Parameters used to bind the scenario",
        		"definition": "Parameters used to bind the scenario",
        		"min": 0,
        		"max": "*",
        		"type": [
          			{
            			"code": "BackboneElement"
          			}
        		]
      		},
      		{
        		"id": "SAPTableContent.row.column.name",
        		"path": "SAPTableContent.row.column.name",
        		"short": "Name of the parameter",
        		"definition": "Name of the parameter",
        		"min": 0,
        		"max": "1",
        		"type": [
          			{
            			"code": "string"
          			}
        		]
      		},
      		{
        		"id": "SAPTableContent.row.column.valueString",
        		"path": "SAPTableContent.row.column.valueString",
        		"short": "String value of the Parameter",
        		"definition": "String value of the Parameter",
        		"min": 0,
        		"max": "1",
        		"type": [
          			{
            			"code": "string"
          			}
        		]
      		}
		]
	}
}
